,phrase,label,sentiment,subjectivity,language,count
Hungary,,,,,,
Japan,,,,,,
Mediterranean,,,,,,
Transdanubia,,,,,,
Europe,,,,,,
the United States,,,,,,
the Middle East,,,,,,
US,,,,,,
Budapest,,,,,,
Croatia,,,,,,
Arctic,,,,,,
Hawaii,,,,,,
Alps,,,,,,
Slovakia,,,,,,
Western Europe,,,,,,
Lake Balaton,,,,,,
Greece,,,,,,
Southeastern Europe,,,,,,
Brussels,,,,,,
vineyards,,,,,,
Israel,,,,,,
The United States,,,,,,
Russia,,,,,,
Ukraine,,,,,,
Slovenia,,,,,,
Danube,,,,,,
Bucharest,,,,,,
New York,,,,,,
Austria,,,,,,
Vienna,,,,,,
Germany,,,,,,
America,,,,,,
Eastern Europe,,,,,,
Central,,,,,,
El Niño,,,,,,
West,,,,,,
Central Europe,,,,,,
arctic,,,,,,
Fidesz,,,,,,
Northern,,,,,,
Szécsény,,,,,,
Balaton,,,,,,
Central Hungary,,,,,,
France,,,,,,
Romania,,,,,,
west winds,,,,,,
Kilauea,,,,,,
New Zealand,,,,,,
May.,,,,,,
Maps,,,,,,
Maldives,,,,,,
the Big Island,,,,,,
Somogy county,,,,,,
Southern California,,,,,,
Bosnia-Herzegovina,,,,,,
Moscow,,,,,,
Nyírtasson,,,,,,
Montenegro,,,,,,
aurora borealis,,,,,,
Zaporizhzhya,,,,,,
Saudi Arabia,,,,,,
Kiev,,,,,,
Catalonia,,,,,,
the Erzsébet Lookout,,,,,,
Erzsébet,,,,,,
Western Hungary,,,,,,
Northern Transdanubia,,,,,,
New Jersey,,,,,,
Asia,,,,,,
Singapore,,,,,,
Baghdad,,,,,,
Iraq,,,,,,
the Northern Territory,,,,,,
Australia,,,,,,
Chicago,,,,,,
Kenya,,,,,,
Bakony,,,,,,
Western Transdanubia,,,,,,
Zagreb,,,,,,
Lebanon,,,,,,
the Litani River,,,,,,
Iran,,,,,,
Easter,,,,,,
Afghanistan,,,,,,
the Czech Republic,,,,,,
