day,sentiment_mean,sentiment_std,subjectivity_mean,subjectivity_std,counting
2025-12-25,-0.09344181856798786,0.2214737722903255,-1.3548837105764195,0.18062150835108026,2.0
2026-01-01,0.12262738022780398,1.0,-0.45633456153383734,1.0,1.0
2026-01-02,0.8562810884788282,1.0,0.9305566919372612,1.0,1.0
2026-01-04,0.3600393130005528,0.7351987157208467,-0.5666736264375011,0.47892782981000614,2.0
2026-01-06,2.639919465028088,1.0,0.22784400008334454,1.0,1.0
2026-01-07,-0.025322062320476346,1.101236138786293,0.057563010812515136,0.49026651124181675,2.0
2026-01-08,-1.1826872304784244,0.8211155512340234,0.8472571146865836,0.9210427214801078,4.0
2026-01-09,-0.9961278802860514,1.0,1.2175365638931435,1.0,1.0
2026-01-13,-0.8702743944658136,0.9784481718960595,0.7547611520640493,0.6544632637414994,2.0
2026-01-16,-1.7575112092830167,1.0,1.3137328185312835,1.0,1.0
2026-01-17,-0.2500474248094423,1.0,-1.227165017193228,1.0,1.0
2026-01-19,-0.15982468440529873,1.0,0.8393285895287008,1.0,1.0
2026-01-20,1.0420643904536218,1.0,0.7747544897412357,1.0,1.0
2026-01-21,2.297043619740401,1.0,1.2175365638931435,1.0,1.0
2026-01-22,1.634282305782526,1.0,0.3127730650640518,1.0,1.0
2026-01-23,0.7533694791030014,1.0,-0.28910776387524423,1.0,1.0
2026-01-26,0.7533694791030014,1.0,-0.28910776387524423,1.0,1.0
2026-01-27,0.9848494722656964,1.0,0.0995605197801228,1.0,1.0
2026-01-28,1.2710180114334453,1.0,0.22784400008334454,1.0,1.0
2026-01-31,0.8284679463922765,0.6236077802855541,-0.8817248035782868,0.7398175925895674,2.0
2026-02-02,-0.2332791131654105,0.6995476343614684,-0.8123146061775038,1.4317173947786177,2.0
2026-02-05,-0.5180409864936333,1.0,-0.7343848308708985,1.0,1.0
2026-02-06,0.32457110670372374,0.6064124737705676,-0.07985160724074614,0.2959328947225759,2.0
2026-02-08,2.0849259345209386,1.0,0.22784400008334454,1.0,1.0
2026-02-10,-0.13337547195623334,1.4141681484366606,0.4993807023233459,0.9459865714027628,2.0
2026-02-11,1.2231558191079146,1.0,0.3897699691769158,1.0,1.0
2026-02-12,0.10649650588351971,1.195950775905468,-0.4502492395965045,1.0506238402555124,5.0
2026-02-13,-1.002225578925079,1.0,0.8692614015994526,1.0,1.0
2026-02-14,1.7599042878219908,1.0,1.544723530869876,1.0,1.0
2026-02-18,-0.01116570301945527,0.5676359786399593,-0.08324343965196795,0.8662816348897106,2.0
2026-02-19,-0.05576339743520825,0.6727537524621741,-0.4841293155995356,0.3537694634628137,2.0
2026-02-20,0.5834702225239189,1.0,-1.1832742832520935,1.0,1.0
2026-02-21,-0.49459363742476303,0.5761514764028445,-0.4424316517628883,2.123675804924891,3.0
2026-02-22,0.2515257800666779,0.5327897276474021,-0.3426133239919387,0.8280053545305094,6.0
2026-02-23,-0.6158230058950843,0.914744316976478,-0.4480919069606721,0.7408229912045861,4.0
2026-02-24,-0.18998694017540943,1.5508043131785796,0.14136204405858022,0.949096715595534,3.0
2026-02-25,-0.496271491889179,1.0,0.6845739445465024,1.0,1.0
2026-02-26,-1.8194207552926644,1.0,1.2175365638931435,1.0,1.0
2026-02-27,-0.2650266553452829,0.9550996461886438,-0.647832603820099,0.3382090225400872,2.0
2026-02-28,0.3844748156152743,0.19092539595291078,-0.08372287002547618,0.37347304428510475,2.0
2026-03-02,0.4960904556634349,1.0,-2.0827319635995174,1.0,1.0
2026-03-04,0.6829026038393162,0.6199504878939845,-0.7930135792173542,0.7205124022080626,4.0
2026-03-05,-0.44131344458980337,1.3020980771795605,0.1597167097441711,0.7744706028661529,2.0
2026-03-06,-1.4116022008557496,1.5023859508270132,0.2688302116413289,1.078936899830029,2.0
2026-03-07,0.7533694791030014,1.0,-0.28910776387524423,1.0,1.0
2026-03-08,-0.16058145687104913,1.472719071395701,0.597170066228965,0.4755053755217685,2.0
2026-03-10,-0.2053746327200736,0.29877241072067223,-0.12737311785746472,1.0405411318811528,3.0
2026-03-11,-1.2034171726777214,0.42829467993246256,0.5236602298922187,1.387140149201934,2.0
2026-03-12,0.32247478826315823,0.3309750104404803,-0.6935774185410938,1.2556439532497703,4.0
2026-03-13,0.06287095204340681,1.120842121984047,-0.28731844788905014,0.6744334505918216,2.0
2026-03-14,-0.2500474248094423,1.0,1.8527111473213314,1.0,1.0
2026-03-15,-0.26718950429507454,1.0,-1.1975280032857847,1.0,1.0
2026-03-16,-0.9651561767817876,0.8750896092158608,0.7644181526203612,0.9059900036824778,4.0
2026-03-17,0.07046687849032048,1.7960603507824675,0.37450594350589705,0.5778180986018667,3.0
2026-03-18,0.7533694791030014,1.0,-0.28910776387524423,1.0,1.0
2026-03-19,0.375148978717833,0.7318974796611786,0.16653926311697267,0.3017932071421216,3.0
2026-03-20,0.6232862832261536,1.2350803743815248,-0.2200491306169552,1.4242769456775688,2.0
2026-03-22,0.9600729753680557,1.0,-0.5076479536551263,1.0,1.0
2026-03-23,-0.39850830236718593,0.8204512157239479,0.7849902133292658,0.3411456972903535,2.0
2026-03-25,-0.128854063283248,0.9373001499147479,0.019383344590609364,0.8088318929598517,2.0
2026-03-26,0.2861522597522319,1.0,-1.3970800837574626,1.0,1.0
2026-03-29,-1.1261080634132818,1.0,0.22784400008334454,1.0,1.0
2026-03-30,-1.4247774714702943,1.0,0.865374023408446,1.0,1.0
2026-03-31,-0.08135801916759235,1.0,-0.8232091922375829,1.0,1.0
2026-04-01,-0.45714264717698583,1.0,-0.5204763016854482,1.0,1.0
2026-04-02,0.23881143222386836,1.0,0.5000868840034355,1.0,1.0
2026-04-04,-0.17713734525249814,0.1031104233431318,-1.6549484903963723,0.6049771895629541,2.0
2026-04-05,0.5555284600150604,1.0,0.283440911116294,1.0,1.0
2026-04-06,-0.019112327875066087,0.3265915461125402,0.09899573286009267,1.8754745186122823,2.0
2026-04-07,-0.24049783190215157,1.2379401834822172,0.32093014357950245,1.4231561726517392,4.0
2026-04-08,-1.2550232811251587,1.0,-1.227165017193228,1.0,1.0
2026-04-09,-0.04414053777586304,0.8657207681759224,0.03406215585156032,0.5294239531698958,4.0
2026-04-10,-0.7045449870545426,1.0,-1.3652822837098084,1.0,1.0
2026-04-11,-0.8017611949350778,1.7201090261816951,0.19868866365079418,1.1297532982378902,2.0
2026-04-12,1.8436522758483003,1.0,0.3127730650640518,1.0,1.0
2026-04-15,0.7533694791030014,1.0,-0.28910776387524423,1.0,1.0
2026-04-16,0.28412897979430674,0.47472956445393993,-0.959245740677526,0.587734148960607,3.0
2026-04-18,0.09619911687032064,1.0,0.6554556010940835,1.0,1.0
2026-04-19,-0.2500474248094423,1.0,-1.227165017193228,1.0,1.0
2026-04-20,0.24630268577014497,1.4481933465357781,0.39250861106819884,0.9642515935445608,5.0
2026-04-21,0.3481212255113861,1.1017912221788597,0.8244839730694594,1.218044966586809,6.0
2026-04-22,0.6052425479509703,0.9491391584655984,-0.187401528397647,1.3028639813803546,4.0
2026-04-23,0.6104366883032423,0.2021374912568557,-0.4784347627350286,0.26774880951090263,2.0
2026-04-24,0.044137863982081325,0.2791967495576922,-0.5664967189396561,0.9185109330032227,3.0
2026-04-25,-1.562141731853098,1.0,0.9305566919372612,1.0,1.0
2026-04-26,-0.5824060681181026,0.7455512303419293,-0.24462380572939235,2.7444242099143077,2.0
2026-04-27,0.2853893333139181,0.5386583046095254,-0.9373954417200893,1.2266954211547278,3.0
2026-04-28,0.54491985577624,1.056641228594138,-0.39874628404702983,0.9522592638870903,2.0
2026-04-29,-0.07558459495332062,1.0,0.912022561700527,1.0,1.0
2026-04-30,-0.5019677687194873,1.3214561074531288,0.24012466271347518,0.1300025640378061,3.0
2026-05-02,0.16869251532210616,0.5921877024413338,-0.35453343724743613,1.2340874153144006,2.0
2026-05-03,0.4432334349552952,1.0696343143828726,0.011610368143665145,0.19814456971759645,2.0
2026-05-05,-0.005617996292786975,0.34567541285135894,-0.004814226650042275,1.7286650659636476,2.0
2026-05-06,-1.6880557170318446,1.612463558166304,1.2842495128795783,1.6089797385754303,3.0
2026-05-07,-0.4581594253006169,0.2696012134149946,-0.3751457960241708,0.9645605021672271,3.0
2026-05-09,-1.6933365079092964,1.3304937528152418,0.9938008355273812,1.3986789735705634,2.0
2026-05-10,-0.12106713775234704,1.1926697064166607,0.27781047784167956,0.741783662329169,4.0
2026-05-11,-0.5393641731603452,1.2531679001362597,0.639880168422605,0.9505735988710226,5.0
2026-05-12,1.2574163596641326,1.0,0.7747544897412357,1.0,1.0
2026-05-16,-0.02021746760465648,0.5173323829806906,-0.43403471336631855,0.7110060438611326,3.0
2026-05-17,0.9757359198651746,0.8211263481948158,-1.0402633546663198,0.6047627196715867,3.0
2026-05-18,0.6262214036230772,0.795477569218705,0.20899954864690493,0.7510957887360127,3.0
2026-05-23,0.8133683874627934,0.6871974348755382,0.43145154742538094,0.4492069883399522,2.0
2026-05-24,0.7734233654058301,1.0,0.07105307971274002,1.0,1.0
2026-05-26,1.1161649058231915,1.0,0.9547837218016008,1.0,1.0
2026-05-27,2.262392215979849,1.0,0.3127730650640518,1.0,1.0
2026-05-28,-0.7927515596995721,1.0,-0.409686023241757,1.0,1.0
2026-05-30,-0.7525353529673006,1.0,1.8527111473213314,1.0,1.0
2026-05-31,0.045780285316425674,0.2875303436791685,-0.45563203976202565,1.0865657702160474,3.0
2026-06-01,-0.2500474248094423,1.0,-1.227165017193228,1.0,1.0
2026-06-02,-0.2561777278961232,1.0,1.3158779626551131,1.0,1.0
2026-06-03,-0.5850393769146811,1.0,0.23577616095118756,1.0,1.0
2026-06-06,-0.36157615914322916,1.0,0.5943682295211205,1.0,1.0
2026-06-08,-0.6058016285628293,1.0,2.472804905389723,1.0,1.0
2026-06-09,-2.0872220794396115,3.686432667014999,1.2228527069589599,2.221249945521946,2.0
2026-06-10,0.17718793881914147,0.6244984969542855,-0.1676915947713075,1.428236249898992,5.0
2026-06-11,-0.02580775386698997,1.5385399914733116,1.6108133334487102,0.9620281683198636,2.0
2026-06-12,-0.5314721378699075,1.0,0.484410960689788,1.0,1.0
2026-06-13,0.23305976640014484,1.0,0.374453691858455,1.0,1.0
2026-06-15,-0.7535505153287458,1.0,0.6845739445465024,1.0,1.0
2026-06-16,-0.2500474248094423,1.0,-1.227165017193228,1.0,1.0
2026-06-20,0.3245711067037239,1.0,-0.2691786061005301,1.0,1.0
2026-06-22,-0.9070464639047942,0.48499617472373774,-0.550846525004308,0.07799684340566065,2.0
2026-06-24,4.380486123125212e-05,0.6538384128929158,0.21129954294153644,0.44202174241651115,3.0
2026-06-25,0.1268185213089514,1.0,-0.14920835961313222,1.0,1.0
2026-06-27,0.38289061992950807,0.5990157157910655,0.5269648796165781,0.42302080462486763,2.0
2026-06-28,0.28389985094335546,1.0,-0.9500315917916905,1.0,1.0
2026-06-29,-0.00827511171473048,0.3458437180371126,-0.4336473904802123,1.839694393222257,3.0
2026-06-30,-0.30521368286413636,0.9367710072916893,-0.506488197896274,1.0996857176819113,3.0
2026-07-01,-1.8194207552926644,1.0,1.2175365638931435,1.0,1.0
2026-07-02,0.38349013649059344,0.5230883827641121,-0.7361910235636687,0.6322712093613424,2.0
2026-07-03,-0.2500474248094423,1.0,-1.227165017193228,1.0,1.0
2026-07-06,1.0621043072304817,1.0,0.9305566919372612,1.0,1.0
2026-07-08,-0.2500474248094423,1.0,-0.9191774007417719,1.0,1.0
2026-07-13,-0.8102077279683642,1.0,0.580623570917204,1.0,1.0
2026-07-14,0.7533694791030014,1.0,-0.28910776387524423,1.0,1.0
2026-07-17,0.7533694791030014,1.0,-0.28910776387524423,1.0,1.0
2026-07-19,0.7533694791030014,1.0,-0.28910776387524423,1.0,1.0
2026-07-22,0.12966275561314272,1.0,-1.234836887366224,1.0,1.0
2026-07-26,0.7533694791030014,1.0,-0.28910776387524423,1.0,1.0
2026-07-28,0.13262810540198247,0.8778608694140867,-0.16426050721180566,0.17656068359850957,2.0
2026-07-29,0.33859584485223776,0.04847097348468777,0.05074152866473017,0.6415221182167549,2.0
2026-07-31,-0.9774490820274382,1.0,-0.15700644082632043,1.0,1.0
2026-08-01,-0.5630621714143993,1.137899901625474,0.356127480386566,1.2699416637126646,2.0
2026-08-02,1.2155423656509772,1.0,1.3137328185312835,1.0,1.0
2026-08-03,-0.2562760473282567,0.24902901179310385,-0.4074646642754674,0.29372800385190867,2.0
2026-08-04,0.17878743986245618,1.0,0.44775853774601,1.0,1.0
2026-08-06,2.1196130301776357,1.0,1.5534399632166347,1.0,1.0
2026-08-07,-0.02071198641826902,0.21266199961917798,-0.006541274266877506,1.306808888212313,2.0
2026-08-10,1.125013654715206,1.0,-0.028722960523098667,1.0,1.0
2026-08-13,-0.1654841760383077,1.0,-0.5965861981136914,1.0,1.0
2026-08-14,0.06316378767346659,1.0,-0.4135734014327636,1.0,1.0
2026-08-21,-0.1863692921551401,1.3289913154010915,-0.4582434829066887,0.23919402773599396,2.0
2026-08-31,1.473750744733788,1.0,0.9305566919372612,1.0,1.0
2026-09-02,0.7533694791030014,1.0,-0.28910776387524423,1.0,1.0
